"K1","ko"
"ko:K00962","ko03018"
"ko:K02470",""
"ko:K10439","ko02030"
"ko:K13953","ko01220"
"ko:K02111","ko01100"
"ko:K21572",""
"ko:K03070","ko03070"
"ko:K03879","ko05415"
"ko:K03878","ko05415"
"ko:K00052","ko01230"
"ko:K02406","ko05134"
"ko:K02112","ko01100"
"ko:K04567","ko00970"
"ko:K02035","ko02024"
"ko:K02027",""
"ko:K03701","ko03420"
"ko:K02115","ko01100"
"ko:K02358","ko04626"
"ko:K01873","ko00970"
"ko:K02055","ko02024"
"ko:K02557","ko02040"
"ko:K01872","ko00970"
"ko:K02906","ko03010"
"ko:K02935","ko03010"
"ko:K02879","ko03010"
"ko:K00256",""
"ko:K16092",""
"ko:K00496","ko00930"
"ko:K08301",""
"ko:K11927","ko03018"
"ko:K02519",""
"ko:K15644",""
"ko:K03551","ko03440"
"ko:K06911",""
"ko:K07568",""
"ko:K06207",""
"ko:K01696","ko01230"
"ko:K03046","ko03020"
"ko:K01251","ko01100"
"ko:K00303","ko01100"
"ko:K00122","ko01200"
"ko:K02986","ko03010"
"ko:K02926","ko03010"
"ko:K00627","ko01210"
"ko:K00606","ko01240"
"ko:K07257",""
"ko:K04043","ko05152"
"ko:K03782","ko01110"
"ko:K03553","ko03440"
"ko:K03531","ko04112"
"ko:K00824","ko01120"
"ko:K02002","ko02010"
"ko:K01963","ko01212"
"ko:K03407","ko02030"
"ko:K00249","ko04936"
"ko:K04077","ko05417"
"ko:K00315","ko01100"
"ko:K03880","ko05415"
"ko:K02933","ko03010"
"ko:K02886","ko03010"
"ko:K01406","ko01503"
"ko:K00626","ko04975"
"ko:K02487",""
"ko:K00525","ko01232"
"ko:K00033","ko01200"
"ko:K00024","ko01200"
"ko:K02014",""
"ko:K02867","ko03010"
"ko:K07003",""
"ko:K03043","ko03020"
"ko:K01626","ko02024"
"ko:K00645","ko01212"
"ko:K00575","ko02030"
"ko:K02967","ko03010"
"ko:K03086","ko02040"
"ko:K01923","ko01110"
"ko:K01698","ko01240"
"ko:K02338","ko03440"
"ko:K05527",""
"ko:K19416",""
"ko:K02863","ko03010"
"ko:K13628",""
"ko:K01915","ko04727"
"ko:K02108","ko01100"
"ko:K00113","ko01110"
"ko:K00147","ko01230"
"ko:K00557",""
"ko:K02946","ko03010"
"ko:K02992","ko03010"
"ko:K02496","ko01240"
"ko:K02052","ko02024"
"ko:K01687","ko01230"
"ko:K03521",""
"ko:K02355",""
"ko:K00184","ko01100"
"ko:K02939","ko03010"
"ko:K03522",""
"ko:K03640",""
"ko:K03883","ko05415"
"ko:K01886","ko01100"
"ko:K02390","ko02040"
"ko:K01695","ko01230"
"ko:K01679","ko05211"
"ko:K03499",""
"ko:K04564","ko05417"
"ko:K01770","ko01110"
"ko:K00948","ko01230"
"ko:K07462","ko03440"
"ko:K00526","ko01232"
"ko:K01999","ko02024"
"ko:K02600",""
"ko:K07121",""
"ko:K00325","ko01100"
"ko:K02837",""
"ko:K01990",""
"ko:K04088",""
"ko:K07116",""
"ko:K00108","ko01100"
"ko:K01802",""
"ko:K00600","ko01523"
"ko:K02888","ko03010"
"ko:K02058",""
"ko:K11753","ko01240"
"ko:K02860",""
"ko:K01993",""
"ko:K03687",""
"ko:K03555","ko03430"
"ko:K03217","ko03070"
"ko:K00412","ko05415"
"ko:K01768","ko04213"
"ko:K01689","ko04820"
"ko:K01736","ko01230"
"ko:K02393","ko02040"
"ko:K01712","ko01100"
"ko:K01267",""
"ko:K02931","ko03010"
"ko:K01573","ko01100"
"ko:K00337","ko01100"
"ko:K01586","ko01230"
"ko:K02313","ko04112"
"ko:K02871","ko03010"
"ko:K00134","ko05415"
"ko:K01866","ko00970"
"ko:K02053","ko02024"
"ko:K00293","ko01230"
"ko:K03703","ko03420"
"ko:K00053","ko01230"
"ko:K10543","ko02010"
"ko:K00970","ko03018"
"ko:K08300","ko03018"
"ko:K00128","ko04936"
"ko:K02897","ko03010"
"ko:K01610","ko01200"
"ko:K01652","ko01230"
"ko:K03559",""
"ko:K01624","ko01230"
"ko:K01740","ko01100"
"ko:K14652","ko01240"
"ko:K00639","ko01100"
"ko:K01338","ko04112"
"ko:K02469",""
"ko:K13583","ko04112"
"ko:K00266","ko01230"
"ko:K21420",""
"ko:K03969",""
"ko:K05520",""
"ko:K03593",""
"ko:K14441",""
"ko:K15987",""
"ko:K04744",""
"ko:K00648","ko01212"
"ko:K02012","ko02010"
"ko:K01991","ko02026"
"ko:K00605","ko01200"
"ko:K02041","ko02010"
"ko:K14393",""
"ko:K07277","ko04137"
"ko:K02601",""
"ko:K03686",""
"ko:K00826","ko01240"
"ko:K11717","ko01100"
"ko:K00632","ko01212"
"ko:K19221","ko01240"
"ko:K06016","ko01100"
"ko:K02864","ko03010"
"ko:K03088",""
"ko:K03523","ko02010"
"ko:K03685","ko05205"
"ko:K02337","ko03440"
"ko:K01784","ko01250"
"ko:K05540",""
"ko:K01995","ko02024"
"ko:K07004",""
"ko:K00528",""
"ko:K05606","ko01200"
"ko:K09969","ko02010"
"ko:K01940","ko05418"
"ko:K01881","ko00970"
"ko:K01938","ko01240"
"ko:K06168",""
"ko:K15738",""
"ko:K01448","ko01503"
"ko:K11177","ko01232"
"ko:K18013","ko01100"
"ko:K03644","ko01240"
"ko:K06179",""
"ko:K01714","ko01230"
"ko:K04487","ko04122"
"ko:K00558","ko05206"
"ko:K03628","ko03018"
"ko:K03744",""
"ko:K09525","ko04141"
"ko:K02884","ko03010"
"ko:K01265",""
"ko:K03667",""
"ko:K00891","ko01230"
"ko:K02945","ko03010"
"ko:K00027","ko02020"
"ko:K03977",""
"ko:K01673","ko01100"
"ko:K00404","ko02020"
"ko:K03772",""
"ko:K07001",""
"ko:K00046",""
"ko:K01876","ko00970"
"ko:K02909","ko03010"
"ko:K02005",""
"ko:K06153","ko00552"
"ko:K04079","ko05418"
"ko:K03106","ko03070"
"ko:K01187","ko01110"
"ko:K18277","ko01120"
"ko:K02316","ko03030"
"ko:K00210",""
"ko:K01713","ko01230"
"ko:K05592","ko03018"
"ko:K15777","ko01110"
"ko:K01867","ko00970"
"ko:K02387","ko02040"
"ko:K02335","ko03440"
"ko:K01955","ko01240"
"ko:K02529",""
"ko:K01126","ko00564"
"ko:K00077","ko01240"
"ko:K03314",""
"ko:K08364",""
"ko:K01682","ko01230"
"ko:K00311",""
"ko:K02510","ko01120"
"ko:K01183","ko01100"
"ko:K02275","ko01100"
"ko:K00548","ko04980"
"ko:K01869","ko00970"
"ko:K00973","ko01250"
"ko:K06204","ko02026"
"ko:K02948","ko03010"
"ko:K03723","ko03420"
"ko:K03589","ko04112"
"ko:K01902","ko01200"
"ko:K01961","ko01212"
"ko:K01903","ko01200"
"ko:K03832",""
"ko:K02444",""
"ko:K00290","ko01230"
"ko:K02274","ko01100"
"ko:K03798",""
"ko:K00351",""
"ko:K00253","ko01100"
"ko:K18430","ko01250"
"ko:K17315","ko02010"
"ko:K01613","ko01110"
"ko:K01212","ko00500"
"ko:K03286",""
"ko:K00615","ko01230"
"ko:K01507","ko00190"
"ko:K08884",""
"ko:K05366","ko01501"
"ko:K01491","ko01240"
"ko:K03797",""
"ko:K08688","ko01100"
"ko:K06876",""
"ko:K03924",""
"ko:K13038","ko01240"
"ko:K01895","ko01200"
"ko:K17938",""
"ko:K00613","ko01100"
"ko:K04084",""
"ko:K03336","ko01120"
"ko:K03671","ko05418"
"ko:K14155","ko01230"
"ko:K03519",""
"ko:K01889","ko00970"
"ko:K01256","ko01100"
"ko:K01951","ko01232"
"ko:K06925",""
"ko:K02258","ko04714"
"ko:K03657","ko03430"
"ko:K21307","ko01120"
"ko:K09458","ko01240"
"ko:K01933","ko01110"
"ko:K02660","ko02025"
"ko:K00602","ko01523"
"ko:K04763",""
"ko:K03594","ko00860"
"ko:K09456",""
"ko:K07126",""
"ko:K00265","ko01230"
"ko:K11005",""
"ko:K01880","ko00970"
"ko:K02259","ko04714"
"ko:K01890","ko00970"
"ko:K02054","ko02024"
"ko:K02520",""
"ko:K02838",""
"ko:K02492","ko01240"
"ko:K01424","ko01110"
"ko:K02650","ko02020"
"ko:K12976","ko00540"
"ko:K06901",""
"ko:K01277",""
"ko:K00259","ko01100"
"ko:K09014",""
"ko:K01962","ko01212"
"ko:K06041","ko01250"
"ko:K03545",""
"ko:K07287",""
"ko:K02502","ko01230"
"ko:K03518",""
"ko:K03153","ko01240"
"ko:K07335","ko02010"
"ko:K01657","ko02025"
"ko:K00384","ko00450"
"ko:K01588","ko01110"
"ko:K02028",""
"ko:K06189",""
"ko:K00343","ko01100"
"ko:K02113","ko01100"
"ko:K18979",""
"ko:K00346",""
"ko:K01092","ko04070"
"ko:K00942","ko01232"
"ko:K00208","ko01240"
"ko:K13277",""
"ko:K01638","ko01200"
"ko:K08646",""
"ko:K11991",""
"ko:K00643","ko01240"
"ko:K02446","ko01200"
"ko:K14083","ko01200"
"ko:K03771",""
"ko:K01489","ko01232"
"ko:K03561",""
"ko:K10914","ko05111"
"ko:K01303",""
"ko:K02004",""
"ko:K00329",""
"ko:K03497",""
"ko:K06447","ko01100"
"ko:K03530",""
"ko:K00164","ko01210"
"ko:K01727",""
"ko:K00375",""
"ko:K00549","ko01230"
"ko:K01480","ko01110"
"ko:K07080",""
"ko:K00101","ko01100"
"ko:K07258","ko01100"
"ko:K06169",""
"ko:K01738","ko01230"
"ko:K00831","ko01240"
"ko:K00955","ko01120"
"ko:K04080",""
"ko:K03418","ko01100"
"ko:K01647","ko01230"
"ko:K03569",""
"ko:K00883","ko01100"
"ko:K01681","ko01230"
"ko:K12573","ko03018"
"ko:K18989",""
"ko:K03177",""
"ko:K00261","ko04964"
"ko:K05515","ko01501"
"ko:K01892","ko00970"
"ko:K01669",""
"ko:K20034","ko01100"
"ko:K21395",""
"ko:K03638","ko04122"
"ko:K00860","ko01120"
"ko:K02874","ko03010"
"ko:K01839","ko01100"
"ko:K02357",""
"ko:K02996","ko03010"
"ko:K14446","ko01200"
"ko:K00240","ko01200"
"ko:K07390",""
"ko:K10773","ko03410"
"ko:K02182",""
"ko:K11933",""
"ko:K06142",""
"ko:K00767","ko01240"
"ko:K11085","ko02010"
"ko:K01439","ko01230"
"ko:K03694",""
"ko:K02109","ko01100"
"ko:K02878","ko03010"
"ko:K00001","ko01220"
"ko:K02343","ko03440"
"ko:K00140","ko01200"
"ko:K14160",""
"ko:K07516","ko01212"
"ko:K00658","ko01210"
"ko:K00162","ko05415"
"ko:K07340",""
"ko:K00790","ko01250"
"ko:K00382","ko01240"
"ko:K01733","ko01230"
"ko:K00691","ko01100"
"ko:K03072","ko03070"
"ko:K02890","ko03010"
"ko:K12543",""
"ko:K03787","ko01232"
"ko:K00012","ko01250"
"ko:K09774",""
"ko:K00394","ko01120"
"ko:K02990","ko03010"
"ko:K14540",""
"ko:K06720","ko01120"
"ko:K03076","ko03070"
"ko:K01937","ko01240"
"ko:K03092","ko05111"
"ko:K16091",""
"ko:K04771","ko02020"
"ko:K01887","ko00970"
"ko:K15551","ko02010"
"ko:K00477","ko04146"
"ko:K11069","ko02010"
"ko:K02434","ko01100"
"ko:K03696",""
"ko:K01992",""
"ko:K06958",""
"ko:K02022",""
"ko:K10943","ko05111"
"ko:K22082","ko01120"
"ko:K03979",""
"ko:K01637","ko01200"
"ko:K00059","ko01240"
"ko:K16255","ko01120"
"ko:K01419",""
"ko:K05306","ko01120"
"ko:K02887","ko03010"
"ko:K01751",""
"ko:K02437","ko01200"
"ko:K01845","ko01240"
"ko:K03562",""
"ko:K00928","ko01230"
"ko:K00262","ko01120"
"ko:K00459","ko01100"
"ko:K00348",""
"ko:K03656",""
"ko:K03585","ko01503"
"ko:K03087","ko05111"
"ko:K13735","ko05135"
"ko:K03544","ko04112"
"ko:K02396","ko02040"
"ko:K03111","ko03440"
"ko:K11749","ko04112"
"ko:K04078",""
"ko:K01693","ko01230"
"ko:K02876","ko03010"
"ko:K03060","ko03020"
"ko:K13821","ko01110"
"ko:K00799","ko05418"
"ko:K02031","ko02024"
"ko:K00297","ko01200"
"ko:K02453","ko05111"
"ko:K01782","ko01212"
"ko:K00302","ko01100"
"ko:K00971","ko01250"
"ko:K01079","ko01230"
"ko:K00124","ko01200"
"ko:K01929","ko01502"
"ko:K12340","ko05133"
"ko:K01571","ko01100"
"ko:K00819","ko01110"
"ko:K04565","ko05208"
"ko:K06136",""
"ko:K11529","ko01200"
"ko:K06147",""
"ko:K00616","ko01230"
"ko:K06890",""
"ko:K01414",""
"ko:K01271",""
"ko:K10680","ko01120"
"ko:K01870","ko00970"
"ko:K08720","ko05111"
"ko:K01649","ko01230"
"ko:K06941",""
"ko:K09710",""
"ko:K01840","ko01250"
"ko:K03786","ko01230"
"ko:K02388","ko02040"
"ko:K09013",""
"ko:K05590",""
"ko:K02671",""
"ko:K03683",""
"ko:K01061","ko01120"
"ko:K01676","ko01200"
"ko:K08602",""
"ko:K02409","ko02040"
"ko:K02407","ko02040"
"ko:K02234",""
"ko:K02277","ko01100"
"ko:K01259","ko01100"
"ko:K12574","ko03018"
"ko:K03634",""
"ko:K00428",""
"ko:K00281","ko01200"
"ko:K00336","ko01100"
"ko:K02340","ko03440"
"ko:K02895","ko03010"
"ko:K01599","ko01240"
"ko:K04757",""
"ko:K12658","ko01100"
"ko:K03820",""
"ko:K01739","ko01230"
"ko:K17321","ko02010"
"ko:K01735","ko01230"
"ko:K01627","ko01250"
"ko:K15762","ko01220"
"ko:K03592",""
"ko:K06910",""
"ko:K00335","ko01100"
"ko:K18702",""
"ko:K00411","ko05415"
"ko:K02160","ko01212"
"ko:K00294","ko01100"
"ko:K00845","ko01250"
"ko:K18335","ko01120"
"ko:K01173","ko04210"
"ko:K03089",""
"ko:K03673","ko01503"
"ko:K01077","ko02020"
"ko:K07708","ko02020"
"ko:K00088","ko01232"
"ko:K00322","ko01100"
"ko:K01956","ko01240"
"ko:K21832","ko01100"
"ko:K01255","ko01100"
"ko:K07263",""
"ko:K09891",""
"ko:K07795","ko02020"
"ko:K17225","ko01120"
"ko:K00133","ko01230"
"ko:K00031","ko05230"
"ko:K00381","ko01120"
"ko:K03110","ko03070"
"ko:K07167",""
"ko:K01027","ko01100"
"ko:K09987",""
"ko:K13609","ko01120"
"ko:K01494","ko01232"
"ko:K00239","ko05134"
"ko:K00185","ko01100"
"ko:K06636","ko04114"
"ko:K02030",""
"ko:K02621",""
"ko:K01012","ko01240"
"ko:K00930","ko01230"
"ko:K03520",""
"ko:K09749",""
"ko:K03168",""
"ko:K09989",""
"ko:K02523","ko01110"
"ko:K01179","ko02020"
"ko:K03600",""
"ko:K00927","ko04066"
"ko:K02056",""
"ko:K12349","ko04071"
"ko:K03147","ko01240"
"ko:K05566",""
"ko:K05807",""
"ko:K02078","ko01110"
"ko:K10018","ko02010"
"ko:K00568","ko01240"
"ko:K16127","ko01054"
"ko:K21826",""
"ko:K03852","ko01100"
"ko:K01436",""
"ko:K00130","ko01100"
"ko:K02622",""
"ko:K09888",""
"ko:K01885","ko01240"
"ko:K03881","ko05415"
"ko:K02536","ko01100"
"ko:K03529",""
"ko:K00413","ko05415"
"ko:K07152",""
"ko:K03074","ko03070"
"ko:K00123","ko01200"
"ko:K07399",""
"ko:K03768",""
"ko:K03654","ko03018"
"ko:K01756","ko01240"
"ko:K03795","ko01240"
"ko:K00432","ko05022"
"ko:K05934","ko01240"
"ko:K08281","ko01240"
"ko:K02982","ko03010"
"ko:K06987",""
"ko:K00647","ko01240"
"ko:K01337",""
"ko:K19203","ko01052"
"ko:K03404","ko01110"
"ko:K00135","ko01120"
"ko:K03149","ko01240"
"ko:K03629","ko03440"
"ko:K00986",""
"ko:K02963","ko03010"
"ko:K00940","ko04016"
"ko:K03073","ko03070"
"ko:K05303",""
"ko:K01826","ko01220"
"ko:K03320",""
"ko:K09516","ko00830"
"ko:K01465","ko01240"
"ko:K02405","ko05111"
"ko:K04488",""
"ko:K00858","ko01240"
"ko:K02356",""
"ko:K01495","ko01240"
"ko:K04038","ko01110"
"ko:K02064","ko02010"
"ko:K22470","ko01120"
"ko:K01778","ko01230"
"ko:K00789","ko01240"
"ko:K08369",""
"ko:K04755","ko01120"
"ko:K00013","ko01230"
"ko:K01897","ko04920"
"ko:K09007","ko01240"
"ko:K01415",""
"ko:K02256","ko05415"
"ko:K03430","ko01120"
"ko:K00677","ko01503"
"ko:K00574",""
"ko:K02959","ko03010"
"ko:K02314","ko04112"
"ko:K03525","ko01240"
"ko:K00324","ko01100"
"ko:K10559","ko02010"
"ko:K04751","ko02020"
"ko:K00795","ko01110"
"ko:K09895",""
"ko:K21053","ko01232"
"ko:K11209",""
"ko:K00248","ko01212"
"ko:K00523","ko01250"
"ko:K02535","ko01100"
"ko:K11073","ko02010"
"ko:K00287","ko01523"
"ko:K01619","ko01100"
"ko:K01356",""
"ko:K01006","ko01200"
"ko:K03688",""
"ko:K09903","ko01240"
"ko:K01783","ko01230"
"ko:K07107",""
"ko:K00252","ko01120"
"ko:K00674","ko01230"
"ko:K01968","ko01100"
"ko:K03655","ko03440"
"ko:K01262",""
"ko:K00665","ko04936"
"ko:K07304",""
"ko:K20276","ko02024"
"ko:K02204","ko01230"
"ko:K01737","ko01240"
"ko:K01874","ko01100"
"ko:K04087",""
"ko:K07735",""
"ko:K03305",""
"ko:K01921","ko01502"
"ko:K21573",""
"ko:K03386","ko04214"
"ko:K06867",""
"ko:K10191","ko02010"
"ko:K08319",""
"ko:K01760","ko01230"
"ko:K03101","ko03060"
"ko:K00015","ko01120"
"ko:K00817","ko01230"
"ko:K07393",""
"ko:K07007","ko00121"
"ko:K17865","ko01200"
"ko:K03527","ko01110"
"ko:K01633","ko01240"
"ko:K00813","ko01230"
"ko:K01703","ko01230"
"ko:K03773",""
"ko:K00958","ko01120"
"ko:K00284","ko01120"
"ko:K02613","ko01120"
"ko:K00331","ko01100"
"ko:K05813","ko02010"
"ko:K02389","ko02040"
"ko:K00850","ko05230"
"ko:K02051",""
"ko:K01745","ko01100"
"ko:K01790","ko01250"
"ko:K05323",""
"ko:K00760","ko01232"
"ko:K01893","ko00970"
"ko:K07124",""
"ko:K03770",""
"ko:K02687",""
"ko:K09476","ko02020"
"ko:K15765","ko01220"
"ko:K04774",""
"ko:K01284",""
"ko:K03564",""
"ko:K01996","ko02024"
"ko:K15633","ko01230"
"ko:K01730","ko01100"
"ko:K00161","ko05415"
"ko:K10956","ko05110"
"ko:K01924","ko01100"
"ko:K15509",""
"ko:K03169",""
"ko:K06991",""
"ko:K21405",""
"ko:K19519",""
"ko:K01591","ko01240"
"ko:K01972","ko03430"
"ko:K09607",""
"ko:K00020","ko01100"
"ko:K00821","ko01230"
"ko:K03210","ko03070"
"ko:K14645","ko02024"
"ko:K00451","ko01120"
"ko:K09882","ko01240"
"ko:K00956","ko01120"
"ko:K01641","ko03320"
"ko:K01716","ko01212"
"ko:K02988","ko03010"
"ko:K03590","ko04112"
"ko:K10027","ko01110"
"ko:K01620","ko01230"
"ko:K20035","ko01100"
"ko:K04082",""
"ko:K07638","ko02026"
"ko:K02834",""
"ko:K01952","ko01110"
"ko:K01907","ko01100"
"ko:K03665",""
"ko:K17675",""
"ko:K02262","ko05415"
"ko:K12368","ko02030"
"ko:K01595","ko01200"
"ko:K09808","ko02010"
"ko:K07736",""
"ko:K03458",""
"ko:K03624",""
"ko:K03704",""
"ko:K01011","ko04122"
"ko:K19337",""
"ko:K01966","ko01200"
"ko:K09835","ko01110"
"ko:K01875","ko00970"
"ko:K00703","ko02026"
"ko:K07146",""
"ko:K03557","ko05111"
"ko:K00547","ko01110"
"ko:K01207","ko01501"
"ko:K00812","ko01230"
"ko:K03587","ko01501"
"ko:K03321",""
"ko:K00074","ko01200"
"ko:K01190","ko01100"
"ko:K01118",""
"ko:K00797","ko01110"
"ko:K01868","ko00970"
"ko:K01630","ko01100"
"ko:K02302","ko01240"
"ko:K13581","ko04112"
"ko:K06446","ko01120"
"ko:K00067","ko01250"
"ko:K16128","ko01054"
"ko:K01710","ko01250"
"ko:K00764","ko01110"
"ko:K01583","ko01110"
"ko:K01488","ko05340"
"ko:K03750","ko01240"
"ko:K07444",""
"ko:K05349","ko01110"
"ko:K02276","ko01100"
"ko:K03596","ko05134"
"ko:K00114","ko01120"
"ko:K03650",""
"ko:K03690",""
"ko:K03310",""
"ko:K02806","ko02060"
"ko:K02609","ko01120"
"ko:K00855","ko01200"
"ko:K03306",""
"ko:K09158",""
"ko:K09022",""
"ko:K16845","ko01100"
"ko:K00003","ko01230"
"ko:K01704","ko01230"
"ko:K21430",""
"ko:K01468","ko01100"
"ko:K01939","ko01240"
"ko:K02611","ko01120"
"ko:K07400",""
"ko:K03466",""
"ko:K00655","ko01110"
"ko:K03932",""
"ko:K00508","ko01100"
"ko:K00782",""
"ko:K07338",""
"ko:K00010","ko01120"
"ko:K07119","ko00590"
"ko:K01654","ko01250"
"ko:K02114","ko01100"
"ko:K03215",""
"ko:K11899",""
"ko:K00983","ko01250"
"ko:K00058","ko01230"
"ko:K03405","ko01110"
"ko:K06969",""
"ko:K10111","ko02010"
"ko:K02836",""
"ko:K02422","ko02040"
"ko:K05946","ko00552"
"ko:K01531",""
"ko:K01555","ko01120"
"ko:K01814","ko01230"
"ko:K01069","ko01100"
"ko:K00690","ko01100"
"ko:K00215","ko01230"
"ko:K02377","ko01250"
"ko:K00833","ko01240"
"ko:K03575","ko03410"
"ko:K10235","ko02010"
"ko:K00457","ko01240"
"ko:K01409",""
"ko:K00029","ko03320"
"ko:K06213",""
"ko:K02067","ko02010"
"ko:K07323","ko02010"
"ko:K01883","ko00970"
"ko:K01007","ko01200"
"ko:K03583","ko03440"
"ko:K01578","ko04936"
"ko:K00906",""
"ko:K11688","ko02020"
"ko:K07113",""
"ko:K01601","ko01200"
"ko:K05524",""
"ko:K15894","ko01250"
"ko:K20455","ko01100"
"ko:K15502",""
"ko:K09919",""
"ko:K02471","ko02010"
"ko:K13482","ko01232"
"ko:K06024",""
"ko:K07286",""
"ko:K09921",""
"ko:K00773",""
"ko:K06202",""
"ko:K03185","ko01240"
"ko:K07147",""
"ko:K01908","ko01100"
"ko:K00344",""
"ko:K03601","ko03430"
"ko:K09971","ko02010"
"ko:K01623","ko04066"
"ko:K00595","ko01240"
"ko:K10300",""
"ko:K09767",""
"ko:K22129",""
"ko:K12297",""
"ko:K15724",""
"ko:K00830","ko04146"
"ko:K06324",""
"ko:K06148",""
"ko:K00573",""
"ko:K09011","ko01230"
"ko:K09948",""
"ko:K01462",""
"ko:K00604","ko01100"
"ko:K06997",""
"ko:K21571",""
"ko:K02618","ko01120"
"ko:K08325","ko01100"
"ko:K06158",""
"ko:K21104","ko01120"
"ko:K09992",""
"ko:K15737","ko01120"
"ko:K17285","ko01100"
"ko:K07044",""
"ko:K00939","ko01240"
"ko:K00104","ko01120"
"ko:K03851","ko01100"
"ko:K05297","ko00071"
"ko:K00209","ko01212"
"ko:K07039",""
"ko:K03457",""
"ko:K06949","ko01100"
"ko:K01916","ko01240"
"ko:K02454","ko05111"
"ko:K00163","ko01210"
"ko:K01444","ko04142"
"ko:K07749","ko01100"
"ko:K03775",""
"ko:K06942",""
"ko:K01443","ko01100"
"ko:K02049",""
"ko:K11754","ko01240"
"ko:K18827",""
"ko:K18990",""
"ko:K01878","ko00970"
"ko:K09117",""
"ko:K03581","ko03440"
"ko:K08465",""
"ko:K01056",""
"ko:K00762","ko01240"
"ko:K00651","ko01230"
"ko:K03431","ko01250"
"ko:K16968","ko01100"
"ko:K09699","ko01210"
"ko:K10440","ko02010"
"ko:K03119","ko00920"
"ko:K01912","ko05111"
"ko:K00603","ko01100"
"ko:K01497","ko02024"
"ko:K02026",""
"ko:K03978",""
"ko:K01580","ko04940"
"ko:K14584","ko01220"
"ko:K13292",""
"ko:K07164",""
"ko:K01523","ko01230"
"ko:K10229","ko02010"
"ko:K12957","ko01120"
"ko:K08357","ko02020"
"ko:K17686","ko04978"
"ko:K22081","ko01120"
"ko:K11720","ko02010"
"ko:K00666",""
"ko:K03621","ko01110"
"ko:K22083","ko01120"
"ko:K00864","ko04626"
"ko:K05569",""
"ko:K00228","ko01240"
"ko:K06445","ko01212"
"ko:K02994","ko03010"
"ko:K07052",""
"ko:K03307",""
"ko:K01945","ko01110"
"ko:K02429",""
"ko:K09017",""
"ko:K13979","ko01120"
"ko:K02044","ko02010"
"ko:K03595",""
"ko:K05568",""
"ko:K02954","ko03010"
"ko:K01749","ko01240"
"ko:K03831","ko04122"
"ko:K06180",""
"ko:K08086",""
"ko:K03981",""
"ko:K03325",""
"ko:K03743","ko01100"
"ko:K09908",""
"ko:K00254","ko01240"
"ko:K06971",""
"ko:K03800","ko01240"
"ko:K02433","ko01100"
"ko:K04518","ko01230"
"ko:K00946","ko01240"
"ko:K10126","ko02020"
"ko:K03783","ko01232"
"ko:K02558",""
"ko:K06959",""
"ko:K01081","ko01232"
"ko:K00919","ko01110"
"ko:K02662",""
"ko:K01847","ko04980"
"ko:K13643",""
"ko:K12256","ko01100"
"ko:K22041",""
"ko:K05304","ko01250"
"ko:K07494",""
"ko:K03747",""
"ko:K07010",""
"ko:K00347",""
"ko:K06920","ko01100"
"ko:K00305","ko01100"
"ko:K03208","ko00543"
"ko:K03381","ko01220"
"ko:K12434",""
"ko:K00138","ko01120"
"ko:K03641",""
"ko:K03113",""
"ko:K00566","ko04122"
"ko:K03578",""
"ko:K03929",""
"ko:K22084","ko01120"
"ko:K20332","ko02024"
"ko:K20807","ko01120"
"ko:K03496",""
"ko:K02533",""
"ko:K01692","ko01212"
"ko:K06980",""
"ko:K07220",""
"ko:K03841","ko04922"
"ko:K12436",""
"ko:K07184",""
"ko:K20881","ko01232"
"ko:K04773",""
"ko:K04042","ko01250"
"ko:K03071","ko03070"
"ko:K03642",""
"ko:K01581","ko04148"
"ko:K03572","ko03430"
"ko:K15012","ko02020"
"ko:K06200",""
"ko:K01533",""
"ko:K10716",""
"ko:K01791","ko05111"
"ko:K02197",""
"ko:K00957","ko01120"
"ko:K01653","ko01230"
"ko:K01358","ko04212"
"ko:K02881","ko03010"
"ko:K00333","ko01100"
"ko:K07740",""
"ko:K01029","ko01100"
"ko:K01493","ko01232"
"ko:K13039","ko01240"
"ko:K01438","ko01230"
"ko:K00873","ko05230"
"ko:K01997","ko02024"
"ko:K02336",""
"ko:K00954","ko01240"
"ko:K03839",""
"ko:K18682","ko03018"
"ko:K15539",""
"ko:K00342","ko01100"
"ko:K01186","ko04142"
"ko:K03550","ko03440"
"ko:K03075","ko03070"
"ko:K00174","ko01210"
"ko:K02003",""
"ko:K01127","ko01100"
"ko:K03801","ko01240"
"ko:K16871","ko01120"
"ko:K01425","ko05230"
"ko:K03639","ko04122"
"ko:K00286","ko01230"
"ko:K13525","ko05134"
"ko:K06194",""
"ko:K15371","ko01120"
"ko:K00145","ko01230"
"ko:K14682","ko01230"
"ko:K00019","ko01100"
"ko:K07226","ko01110"
"ko:K01278","ko04974"
"ko:K00822","ko01100"
"ko:K15580","ko02024"
"ko:K03925",""
"ko:K06970",""
"ko:K01711","ko01250"
"ko:K01075","ko01120"
"ko:K00974",""
"ko:K03495",""
"ko:K03183","ko01240"
"ko:K20444",""
"ko:K08997",""
"ko:K07102","ko01250"
"ko:K00383","ko05415"
"ko:K00036","ko05415"
"ko:K03338","ko01120"
"ko:K02110","ko01100"
"ko:K03702","ko03420"
"ko:K02904","ko03010"
"ko:K00304","ko01100"
"ko:K03439",""
"ko:K02257","ko04714"
"ko:K01835","ko01250"
"ko:K03269","ko01100"
"ko:K01807","ko01230"
"ko:K02198",""
"ko:K01181",""
"ko:K01479","ko01100"
"ko:K17760",""
"ko:K13745","ko01120"
"ko:K00097","ko01240"
"ko:K00218","ko01110"
"ko:K03498",""
"ko:K02556","ko02040"
"ko:K03734",""
"ko:K00018","ko01200"
"ko:K06076",""
"ko:K09748",""
"ko:K02835",""
"ko:K00846","ko01120"
"ko:K00912","ko01100"
"ko:K08093","ko01230"
"ko:K02416","ko02040"
"ko:K08714",""
"ko:K07178","ko03008"
"ko:K05801",""
"ko:K13481","ko01232"
"ko:K03151","ko04122"
"ko:K01469","ko01100"
"ko:K10112","ko02010"
"ko:K14266","ko01110"
"ko:K01779","ko01100"
"ko:K11178","ko01232"
"ko:K01810","ko01250"
"ko:K01754","ko01230"
"ko:K02400","ko02040"
"ko:K16363","ko01212"
"ko:K01758","ko01230"
"ko:K11900","ko02025"
"ko:K08484","ko02060"
"ko:K17713",""
"ko:K00236","ko05415"
"ko:K06907",""
"ko:K13876","ko01100"
"ko:K01953","ko01230"
"ko:K01803","ko01230"
"ko:K01755","ko01230"
"ko:K00275","ko01240"
"ko:K01473","ko01100"
"ko:K00963","ko01250"
"ko:K00809",""
"ko:K17828","ko01240"
"ko:K00796","ko01240"
"ko:K02435","ko01100"
"ko:K03588","ko04112"
"ko:K00231","ko01240"
"ko:K01776","ko01100"
"ko:K02456","ko05111"
"ko:K02892","ko03010"
"ko:K00989",""
"ko:K15866","ko01120"
"ko:K01969","ko01100"
"ko:K01750","ko01230"
"ko:K19191","ko01120"
"ko:K01761","ko01100"
"ko:K04786","ko01053"
"ko:K21833","ko01100"
"ko:K03308",""
"ko:K01752","ko01230"
"ko:K01719","ko01240"
"ko:K01584","ko01110"
"ko:K01998","ko02024"
"ko:K18912","ko01100"
"ko:K20036","ko01100"
"ko:K07020",""
"ko:K14742",""
"ko:K00979","ko01250"
"ko:K02132","ko05415"
"ko:K02913","ko03010"
"ko:K09970","ko02010"
"ko:K00560","ko01523"
"ko:K11689","ko02020"
"ko:K00453","ko01240"
"ko:K03218",""
"ko:K00102","ko01100"
"ko:K00681","ko01100"
"ko:K03474","ko01240"
"ko:K01759","ko01100"
"ko:K07236","ko04122"
"ko:K00978","ko01250"
"ko:K00847","ko01250"
"ko:K06178",""
"ko:K02395","ko02040"
"ko:K07712","ko02020"
"ko:K07658","ko02020"
"ko:K01666","ko01220"
"ko:K03500",""
"ko:K10713","ko01200"
"ko:K09902",""
"ko:K06217",""
"ko:K03270","ko01250"
"ko:K22185","ko01100"
"ko:K08305",""
"ko:K03117","ko03070"
"ko:K21309","ko01120"
"ko:K03453",""
"ko:K07303",""
"ko:K01825","ko01212"
"ko:K07023","ko01232"
"ko:K02126","ko05415"
"ko:K10900",""
"ko:K11942",""
"ko:K06902","ko04138"
"ko:K03503",""
"ko:K19745","ko01100"
"ko:K02575","ko00910"
"ko:K02428",""
"ko:K11940",""
"ko:K00481","ko01220"
"ko:K07006",""
"ko:K00625","ko01200"
"ko:K03315",""
"ko:K02348",""
"ko:K03548",""
"ko:K10941","ko05111"
"ko:K01769","ko01100"
"ko:K01928","ko01100"
"ko:K13924","ko02030"
"ko:K17222","ko01120"
"ko:K01799","ko01120"
"ko:K02404",""
"ko:K09883","ko01240"
"ko:K02553",""
"ko:K08738","ko05417"
"ko:K02673",""
"ko:K03885","ko01100"
"ko:K01004","ko01110"
"ko:K00820","ko05415"
"ko:K16969","ko01100"
"ko:K02372","ko01240"
"ko:K22319",""
"ko:K03796",""
"ko:K04066","ko03440"
"ko:K00040","ko01100"
"ko:K10764","ko01100"
"ko:K03591",""
"ko:K18235",""
"ko:K09997","ko02010"
"ko:K00334","ko01100"
"ko:K13634",""
"ko:K17218","ko01120"
"ko:K15256",""
"ko:K09747",""
"ko:K00612",""
"ko:K10805","ko01040"
"ko:K03631",""
"ko:K06929",""
"ko:K12437","ko01110"
"ko:K03417","ko01100"
"ko:K03214",""
"ko:K01589","ko01110"
"ko:K00433",""
"ko:K01408","ko05010"
"ko:K00951","ko01100"
"ko:K04762",""
"ko:K05808",""
"ko:K01432","ko01240"
"ko:K12685",""
"ko:K02193","ko02010"
"ko:K03749",""
"ko:K01070","ko01200"
"ko:K01920","ko01240"
"ko:K02237",""
"ko:K02965","ko03010"
"ko:K12252","ko01100"
"ko:K00471","ko01100"
"ko:K01808","ko01230"
"ko:K09817","ko02010"
"ko:K00283","ko01200"
"ko:K07040",""
"ko:K05997",""
"ko:K21025","ko02025"
"ko:K02371","ko01212"
"ko:K02391","ko02040"
"ko:K00410","ko02020"
"ko:K03424",""
"ko:K05088","ko04013"
"ko:K02669",""
"ko:K00339","ko01100"
"ko:K10227","ko02010"
"ko:K03823","ko01110"
"ko:K02426",""
"ko:K10273",""
"ko:K03884","ko05415"
"ko:K02283","ko02020"
"ko:K00761","ko01232"
"ko:K02408","ko02040"
"ko:K01941","ko01110"
"ko:K01354","ko05143"
"ko:K02032","ko02024"
"ko:K09889",""
"ko:K01159","ko03440"
"ko:K02410","ko02040"
"ko:K03568",""
"ko:K04784","ko01053"
"ko:K06134","ko01240"
"ko:K06042","ko01240"
"ko:K03646",""
"ko:K10804","ko01040"
"ko:K16052",""
"ko:K00065","ko01100"
"ko:K00380","ko01120"
"ko:K01560","ko01120"
"ko:K01297",""
"ko:K16669","ko04392"
"ko:K17734",""
"ko:K00950","ko01240"
"ko:K00620","ko01230"
"ko:K16329","ko01100"
"ko:K00057","ko01110"
"ko:K01925","ko01100"
"ko:K04039","ko01110"
"ko:K06999",""
"ko:K02672",""
"ko:K07019",""
"ko:K02038","ko02010"
"ko:K08307",""
"ko:K15173","ko04918"
"ko:K13049",""
"ko:K00554",""
"ko:K05896",""
"ko:K02968","ko03010"
"ko:K02398","ko02040"
"ko:K15692",""
"ko:K00368","ko01310"
"ko:K02483",""
"ko:K22187","ko01100"
"ko:K00859","ko01240"
"ko:K00121","ko04936"
"ko:K16495",""
"ko:K04765","ko01232"
"ko:K09861",""
"ko:K03617",""
"ko:K01644","ko02020"
"ko:K00518",""
"ko:K02503",""
"ko:K01597","ko01110"
"ko:K03669",""
"ko:K03695","ko04213"
"ko:K03607",""
"ko:K00788","ko01240"
"ko:K01919","ko01240"
"ko:K08084",""
"ko:K01142","ko03410"
"ko:K15778","ko01250"
"ko:K04485",""
"ko:K10219","ko01220"
"ko:K06597","ko02020"
"ko:K09768",""
"ko:K03408","ko02030"
"ko:K03784","ko01232"
"ko:K06186",""
"ko:K03651","ko02025"
"ko:K08303","ko05120"
"ko:K02199",""
"ko:K00091",""
"ko:K01659","ko01100"
"ko:K00117","ko01110"
"ko:K06889",""
"ko:K09471","ko01100"
"ko:K17241","ko02010"
"ko:K03517","ko01240"
"ko:K07222",""
"ko:K09015",""
"ko:K01312","ko05164"
"ko:K11068",""
"ko:K03972",""
"ko:K09459","ko01120"
"ko:K02065","ko02010"
"ko:K01697","ko01230"
"ko:K01686","ko01100"
"ko:K00872","ko01230"
"ko:K09977",""
"ko:K00794","ko01240"
"ko:K00569","ko00983"
"ko:K07478",""
"ko:K15358","ko01120"
"ko:K12216",""
"ko:K06966","ko01232"
"ko:K18911","ko01100"
"ko:K02655",""
"ko:K01775","ko01502"
"ko:K11628",""
"ko:K06113",""
"ko:K02663",""
"ko:K00754",""
"ko:K00640","ko05111"
"ko:K09760",""
"ko:K02457","ko05111"
"ko:K13013",""
"ko:K13599","ko02020"
"ko:K03793","ko01240"
"ko:K03184","ko01240"
"ko:K09701",""
"ko:K02361","ko01110"
"ko:K01273",""
"ko:K06145",""
"ko:K03100","ko03060"
"ko:K06995",""
"ko:K17324","ko02010"
"ko:K18661","ko01100"
"ko:K00937","ko03018"
"ko:K10924","ko05111"
"ko:K06878",""
"ko:K08624",""
"ko:K01949",""
"ko:K22186","ko01100"
"ko:K13288","ko03008"
"ko:K19670","ko01120"
"ko:K01192","ko04142"
"ko:K16844","ko01100"
"ko:K02293","ko01110"
"ko:K06955",""
"ko:K00901","ko05231"
"ko:K05973","ko01100"
"ko:K20975","ko02025"
"ko:K02952","ko03010"
"ko:K01662","ko01110"
"ko:K02346",""
"ko:K06195",""
"ko:K03387",""
"ko:K01609","ko01230"
"ko:K00564",""
"ko:K21136",""
"ko:K17224","ko01120"
"ko:K01879","ko00970"
"ko:K09811","ko02010"
"ko:K00793","ko01240"
"ko:K01611","ko01110"
"ko:K06047",""
"ko:K02421","ko02040"
"ko:K08974",""
"ko:K07305",""
"ko:K08999",""
"ko:K15257",""
"ko:K06950",""
"ko:K00757","ko01232"
"ko:K04562",""
"ko:K00945","ko01232"
"ko:K17893",""
"ko:K18660","ko01212"
"ko:K00765","ko01230"
"ko:K08653","ko04141"
"ko:K01556","ko01240"
"ko:K11941",""
"ko:K01665","ko01240"
"ko:K03427",""
"ko:K01823","ko01110"
"ko:K16506",""
"ko:K04566","ko00970"
"ko:K18459",""
"ko:K05301","ko01120"
"ko:K15916","ko01250"
"ko:K15986","ko00190"
"ko:K08589","ko01503"
"ko:K08299",""
"ko:K21062","ko01100"
"ko:K09924",""
"ko:K01464","ko01100"
"ko:K02001","ko02010"
"ko:K14981","ko02020"
"ko:K03324",""
"ko:K19659",""
"ko:K13283",""
"ko:K01258",""
"ko:K06893",""
"ko:K00406","ko02020"
"ko:K14469","ko01200"
"ko:K02392","ko02040"
"ko:K04127","ko01110"
"ko:K04072","ko05146"
"ko:K01720","ko01100"
"ko:K02040","ko05152"
"ko:K01477","ko01120"
"ko:K09796",""
"ko:K03406","ko02030"
"ko:K17486","ko01100"
"ko:K01625","ko01200"
"ko:K06187","ko03440"
"ko:K07641","ko02020"
"ko:K03625",""
"ko:K00500","ko01230"
"ko:K00499","ko01100"
"ko:K07183",""
"ko:K03635","ko04122"
"ko:K20609",""
"ko:K02037","ko02010"
"ko:K00395","ko01120"
"ko:K00611","ko01230"
"ko:K01137","ko04142"
"ko:K00969","ko01240"
"ko:K07112",""
"ko:K05591",""
"ko:K01114","ko04919"
"ko:K07397",""
"ko:K16395","ko01052"
"ko:K00060","ko01100"
"ko:K02427",""
"ko:K12339","ko01230"
"ko:K00278","ko01240"
"ko:K07300",""
"ko:K04752",""
"ko:K03524","ko01100"
"ko:K02439","ko01120"
"ko:K18372","ko01100"
"ko:K06888",""
"ko:K04083",""
"ko:K03664",""
"ko:K10946","ko01310"
"ko:K04075",""
"ko:K01572",""
"ko:K01113","ko02020"
"ko:K07235","ko04122"
"ko:K00356",""
"ko:K11473","ko01120"
"ko:K03366","ko01110"
"ko:K03732","ko03018"
"ko:K09986",""
"ko:K06879","ko01100"
"ko:K09164",""
"ko:K07137",""
"ko:K12972","ko01120"
"ko:K02075",""
"ko:K05365","ko01100"
"ko:K00390","ko01120"
"ko:K01286",""
"ko:K02342","ko03440"
"ko:K15255",""
"ko:K22348",""
"ko:K09773",""
"ko:K01501","ko01120"
"ko:K05603","ko01100"
"ko:K06137",""
"ko:K07027",""
"ko:K14170","ko01230"
"ko:K09788","ko01100"
"ko:K02200",""
"ko:K00857","ko01232"
"ko:K03711",""
"ko:K00982",""
"ko:K04754",""
"ko:K01958","ko01230"
"ko:K02564","ko01100"
"ko:K02057",""
"ko:K19694",""
"ko:K03684",""
"ko:K18850",""
"ko:K22491",""
"ko:K16129","ko01054"
"ko:K03526","ko01110"
"ko:K02528",""
"ko:K03616",""
"ko:K19802","ko00470"
"ko:K17735",""
"ko:K01942","ko01100"
"ko:K00154",""
"ko:K00544","ko01110"
"ko:K18473","ko01212"
"ko:K12452","ko01250"
"ko:K06603",""
"ko:K00803","ko04146"
"ko:K00341","ko01100"
"ko:K10206","ko01230"
"ko:K02460","ko05111"
"ko:K05689","ko05226"
"ko:K00925","ko01200"
"ko:K00075","ko01250"
"ko:K00131","ko01200"
"ko:K03337","ko01120"
"ko:K00673","ko01100"
"ko:K03803",""
"ko:K06972",""
"ko:K12541","ko02010"
"ko:K01989",""
"ko:K00469","ko01250"
"ko:K01270","ko01100"
"ko:K03613",""
"ko:K00219",""
"ko:K09705",""
"ko:K07177",""
"ko:K01815","ko01100"
"ko:K02379",""
"ko:K00933","ko01100"
"ko:K00823","ko01120"
"ko:K01965","ko01200"
"ko:K00099","ko01110"
"ko:K00014","ko01230"
"ko:K01372",""
"ko:K06978",""
"ko:K19360",""
"ko:K03501",""
"ko:K00317","ko01200"
"ko:K01476","ko05146"
"ko:K02341","ko03440"
"ko:K05989","ko01100"
"ko:K01690","ko01200"
"ko:K10217","ko01220"
"ko:K16846","ko01100"
"ko:K02000","ko02010"
"ko:K01485","ko01232"
"ko:K00609","ko01240"
"ko:K00758","ko05219"
"ko:K07346","ko02020"
"ko:K13016","ko01250"
"ko:K07407","ko01100"
"ko:K01399","ko02024"
"ko:K20754",""
"ko:K01579","ko01240"
"ko:K01509","ko04742"
"ko:K06020",""
"ko:K02521",""
"ko:K01935","ko01240"
"ko:K00330","ko01100"
"ko:K00721","ko01100"
"ko:K07017",""
"ko:K03574",""
"ko:K01206","ko04142"
"ko:K05789",""
"ko:K00054","ko01110"
"ko:K18890","ko02010"
"ko:K07793","ko02020"
"ko:K17723","ko01100"
"ko:K09938",""
"ko:K03392","ko01100"
"ko:K12941",""
"ko:K03719",""
"ko:K06149",""
"ko:K15726",""
"ko:K04764",""
"ko:K00997","ko01110"
"ko:K01484","ko01100"
"ko:K07386",""
"ko:K03789",""
"ko:K00242","ko01200"
"ko:K02050",""
"ko:K02412","ko02040"
"ko:K01658","ko02025"
"ko:K00263","ko01110"
"ko:K01934","ko01100"
"ko:K02169","ko01240"
"ko:K11381","ko01210"
"ko:K03718",""
"ko:K05548",""
"ko:K00800","ko01230"
"ko:K00105","ko01110"
"ko:K09812","ko02010"
"ko:K10938","ko05111"
"ko:K16416","ko01052"
"ko:K02657","ko02025"
"ko:K14058",""
"ko:K01200","ko01110"
"ko:K06188",""
"ko:K09935",""
"ko:K06954",""
"ko:K02013",""
"ko:K00931","ko01230"
"ko:K12524","ko01230"
"ko:K12567","ko05414"
"ko:K11784","ko01240"
"ko:K03118","ko03070"
"ko:K01144",""
"ko:K07560",""
"ko:K03609",""
"ko:K08351","ko01100"
"ko:K10562","ko02010"
"ko:K01322","ko04614"
"ko:K22342",""
"ko:K10728","ko03440"
"ko:K04860","ko05414"
"ko:K10545","ko02010"
"ko:K00387","ko01120"
"ko:K03528",""
"ko:K11391",""
"ko:K16246","ko01220"
"ko:K05776","ko02010"
"ko:K18900",""
"ko:K02279","ko02020"
"ko:K04984","ko04750"
"ko:K11076","ko02010"
"ko:K01400",""
"ko:K02291","ko01110"
"ko:K07246","ko01100"
"ko:K12287",""
"ko:K04044",""
"ko:K09930",""
"ko:K11779","ko01120"
"ko:K03186","ko01240"
"ko:K09815","ko02010"
"ko:K03536",""
"ko:K01663","ko01230"
"ko:K13378","ko01100"
"ko:K02394","ko02040"
"ko:K05799",""
"ko:K14826",""
"ko:K16137",""
"ko:K01057","ko01200"
"ko:K00486","ko01240"
"ko:K03152",""
"ko:K08676",""
"ko:K04730","ko05417"
"ko:K03863","ko01120"
"ko:K01082","ko01120"
"ko:K02498",""
"ko:K03597",""
"ko:K03465","ko01232"
"ko:K01685","ko01100"
"ko:K00943","ko01232"
"ko:K07404","ko01200"
"ko:K09914",""
"ko:K08289","ko01110"
"ko:K17247",""
"ko:K07025",""
"ko:K07221",""
"ko:K01498","ko01240"
"ko:K18301",""
"ko:K03615",""
"ko:K01216",""
"ko:K07402",""
"ko:K00784",""
"ko:K11206",""
"ko:K04037","ko01110"
"ko:K13479","ko01232"
"ko:K03414","ko02030"
"ko:K21323",""
"ko:K02474","ko01250"
"ko:K21470",""
"ko:K01487","ko01232"
"ko:K01154",""
"ko:K00073","ko01120"
"ko:K03724",""
"ko:K16053",""
"ko:K07574",""
"ko:K21071","ko01230"
"ko:K05572","ko01100"
"ko:K09860","ko02040"
"ko:K06916",""
"ko:K13877","ko01100"
"ko:K03438",""
"ko:K00851","ko01200"
"ko:K22025",""
"ko:K00981","ko04070"
"ko:K02501","ko01230"
"ko:K03781","ko05208"
"ko:K13278",""
"ko:K06287","ko01232"
"ko:K09807",""
"ko:K06891",""
"ko:K00230","ko01240"
"ko:K16554","ko05111"
"ko:K03672",""
"ko:K00243",""
"ko:K17325","ko02010"
"ko:K01496","ko01230"
"ko:K01457","ko01120"
"ko:K02230","ko01240"
"ko:K19225",""
"ko:K12267",""
"ko:K09160",""
"ko:K02950","ko03010"
"ko:K11607","ko02010"
"ko:K03470","ko03030"
"ko:K09960",""
"ko:K07456","ko03430"
"ko:K04568",""
"ko:K01667","ko01100"
"ko:K13017","ko01250"
"ko:K02485",""
"ko:K14998",""
"ko:K01640","ko04146"
"ko:K01066",""
"ko:K06885",""
"ko:K16087",""
"ko:K09966",""
"ko:K04065",""
"ko:K06173",""
"ko:K15552","ko02010"
"ko:K11645","ko01230"
"ko:K05995",""
"ko:K01426","ko01120"
"ko:K02034","ko02024"
"ko:K13776","ko01120"
"ko:K03599",""
"ko:K16079",""
"ko:K18285","ko01240"
"ko:K13775","ko01120"
"ko:K06400",""
"ko:K03598",""
"ko:K06198",""
"ko:K10678","ko01120"
"ko:K00878","ko01240"
"ko:K01417",""
"ko:K01617","ko01220"
"ko:K20534",""
"ko:K03767","ko04217"
"ko:K07090",""
"ko:K10563","ko03410"
"ko:K17103","ko01110"
"ko:K18138","ko01503"
"ko:K01894",""
"ko:K13566","ko01100"
"ko:K00769","ko01232"
"ko:K02659","ko02025"
"ko:K09983",""
"ko:K03606","ko05111"
"ko:K06034","ko01240"
"ko:K02527","ko01100"
"ko:K21449",""
"ko:K05898","ko01120"
"ko:K00485","ko01100"
"ko:K07663","ko02020"
"ko:K02823","ko01240"
"ko:K01139","ko01100"
"ko:K12994",""
"ko:K01474","ko01100"
"ko:K12240","ko01053"
"ko:K04995","ko04971"
"ko:K07588","ko04980"
"ko:K18334","ko01120"
"ko:K11472","ko01120"
"ko:K03317",""
"ko:K11175","ko01110"
"ko:K14415",""
"ko:K03722",""
"ko:K02025",""
"ko:K00725","ko01100"
"ko:K03335","ko01120"
"ko:K11443","ko04112"
"ko:K01785","ko01120"
"ko:K11072","ko02010"
"ko:K10125","ko02020"
"ko:K00364","ko01232"
"ko:K02042","ko02010"
"ko:K07094","ko01110"
"ko:K01295",""
"ko:K03182","ko01240"
"ko:K02825","ko01232"
"ko:K00766","ko01230"
"ko:K10536","ko01110"
"ko:K05936","ko01240"
"ko:K01141","ko03430"
"ko:K00004","ko01110"
"ko:K02617",""
"ko:K12373","ko04142"
"ko:K03271","ko01250"
"ko:K03709",""
"ko:K06886",""
"ko:K09765",""
"ko:K03316",""
"ko:K14055",""
"ko:K03777","ko01120"
"ko:K04748",""
"ko:K05889",""
"ko:K01524","ko01100"
"ko:K02599","ko05224"
"ko:K00852","ko01100"
"ko:K00175","ko01210"
"ko:K06177",""
"ko:K13611",""
"ko:K00288","ko01240"
"ko:K16066","ko01100"
"ko:K12431",""
"ko:K13874","ko01100"
"ko:K07289",""
"ko:K03921","ko01212"
"ko:K08961",""
"ko:K03699",""
"ko:K07636","ko02020"
"ko:K02017","ko02010"
"ko:K15641","ko01052"
"ko:K01607","ko01220"
"ko:K03737","ko01210"
"ko:K00748","ko01100"
"ko:K07071",""
"ko:K00318","ko01110"
"ko:K06940",""
"ko:K00556",""
"ko:K07155",""
"ko:K01816","ko01100"
"ko:K03473","ko01240"
"ko:K07320",""
"ko:K02189","ko01240"
"ko:K08295","ko01120"
"ko:K03705",""
"ko:K01133",""
"ko:K18586",""
"ko:K11070","ko02010"
"ko:K01911","ko01240"
"ko:K00768","ko01240"
"ko:K21417",""
"ko:K00895","ko01120"
"ko:K14986","ko02020"
"ko:K02224","ko01240"
"ko:K01135","ko04142"
"ko:K00098",""
"ko:K05396","ko01100"
"ko:K19789",""
"ko:K03565",""
"ko:K02674",""
"ko:K07095",""
"ko:K03297",""
"ko:K01028","ko01100"
"ko:K01674","ko01100"
"ko:K21183",""
"ko:K01563","ko01120"
"ko:K01602","ko01200"
"ko:K22424",""
"ko:K05939","ko00564"
"ko:K10544","ko02010"
"ko:K20987","ko02025"
"ko:K02563","ko04112"
"ko:K08604","ko05111"
"ko:K05800",""
"ko:K00282","ko01200"
"ko:K02914","ko03010"
"ko:K02397","ko02040"
"ko:K07053",""
"ko:K04517","ko01230"
"ko:K15578","ko02010"
"ko:K03442",""
"ko:K02907","ko03010"
"ko:K00362","ko01310"
"ko:K09691","ko02010"
"ko:K06443","ko01110"
"ko:K00002","ko05208"
"ko:K01008","ko01100"
"ko:K04090",""
"ko:K03570",""
"ko:K01520","ko01232"
"ko:K07812","ko01120"
"ko:K17759",""
"ko:K00255","ko03320"
"ko:K09964",""
"ko:K07160","ko01100"
"ko:K01515","ko01100"
"ko:K03769",""
"ko:K14194","ko05150"
"ko:K08994",""
"ko:K13409","ko04626"
"ko:K10228","ko02010"
"ko:K16398","ko01052"
"ko:K09949","ko01100"
"ko:K03469","ko03030"
"ko:K07738",""
"ko:K16216",""
"ko:K17226","ko01120"
"ko:K06176",""
"ko:K07026","ko01100"
"ko:K03283","ko05417"
"ko:K01772","ko01240"
"ko:K21825",""
"ko:K02232","ko01240"
"ko:K04047",""
"ko:K11959","ko02010"
"ko:K02899","ko03010"
"ko:K02011","ko02010"
"ko:K15634","ko01230"
"ko:K01709","ko01250"
"ko:K09988","ko00040"
"ko:K03412","ko02030"
"ko:K02858","ko01240"
"ko:K21023","ko02025"
"ko:K00990","ko02020"
"ko:K16856","ko01100"
"ko:K00646",""
"ko:K02653",""
"ko:K04118","ko01120"
"ko:K09697","ko02020"
"ko:K12342","ko03070"
"ko:K21308","ko01120"
"ko:K07447",""
"ko:K01684","ko01120"
"ko:K12960","ko01100"
"ko:K07742",""
"ko:K00340","ko01100"
"ko:K15067","ko01100"
"ko:K19804",""
"ko:K06193",""
"ko:K07238",""
"ko:K20755",""
"ko:K00021","ko04976"
"ko:K16378","ko01052"
"ko:K01091","ko01110"
"ko:K02507",""
"ko:K07552",""
"ko:K04788","ko01053"
"ko:K01729","ko01100"
"ko:K20032",""
"ko:K01336","ko04138"
"ko:K06206",""
"ko:K10560","ko02010"
"ko:K04516","ko01230"
"ko:K03292",""
"ko:K13789","ko01110"
"ko:K02634","ko01100"
"ko:K06015",""
"ko:K00064","ko01120"
"ko:K01431","ko01100"
"ko:K02010","ko02010"
"ko:K00759","ko01232"
"ko:K00806","ko01110"
"ko:K17722","ko01100"
"ko:K01130","ko01100"
"ko:K03272","ko01250"
"ko:K04691",""
"ko:K00641","ko01230"
"ko:K18369","ko01100"
"ko:K01055","ko01220"
"ko:K07046","ko01120"
"ko:K07301",""
"ko:K14448","ko01200"
"ko:K16428","ko01055"
"ko:K03112",""
"ko:K01664","ko01240"
"ko:K01301",""
"ko:K03584","ko03440"
"ko:K01486","ko01232"
"ko:K03710",""
"ko:K00874","ko01200"
"ko:K01176","ko04973"
"ko:K01539","ko04978"
"ko:K03774",""
"ko:K01218","ko02024"
"ko:K02551","ko01240"
"ko:K12410","ko01100"
"ko:K10763",""
"ko:K07182",""
"ko:K03746",""
"ko:K13018","ko01250"
"ko:K00452","ko01240"
"ko:K13256",""
"ko:K02415","ko02040"
"ko:K10026","ko01100"
"ko:K03201","ko03070"
"ko:K01387",""
"ko:K06917",""
"ko:K22027",""
"ko:K07106","ko01100"
"ko:K03742","ko01100"
"ko:K19031",""
"ko:K02569",""
"ko:K11751","ko01232"
"ko:K13613",""
"ko:K16124","ko01054"
"ko:K00338","ko01100"
"ko:K05820",""
"ko:K00076","ko00121"
"ko:K00285","ko01100"
"ko:K04780","ko01053"
"ko:K00034","ko01200"
"ko:K03762",""
"ko:K01639","ko01100"
"ko:K09936","ko02024"
"ko:K11690","ko02020"
"ko:K06881","ko01120"
"ko:K05573","ko01100"
"ko:K01593","ko05034"
"ko:K01000","ko01502"
"ko:K03560",""
"ko:K00571",""
"ko:K11153","ko01240"
"ko:K01661","ko01240"
"ko:K03856","ko01230"
"ko:K00869","ko04146"
"ko:K11071","ko02010"
"ko:K21636","ko01232"
"ko:K07396",""
"ko:K03558",""
"ko:K21686",""
"ko:K18785",""
"ko:K15521",""
"ko:K03566","ko02026"
"ko:K00968","ko05231"
"ko:K16874","ko01120"
"ko:K08309",""
"ko:K21883","ko01120"
"ko:K09472","ko01100"
"ko:K19721","ko04974"
"ko:K15977",""
"ko:K00588","ko01110"
"ko:K11961","ko02010"
"ko:K09985",""
"ko:K00350",""
"ko:K05539",""
"ko:K01598","ko01240"
"ko:K09801",""
"ko:K08323","ko01100"
"ko:K09912",""
"ko:K00372","ko01310"
"ko:K12525","ko01230"
"ko:K11438",""
"ko:K02039",""
"ko:K03478",""
"ko:K18893","ko02010"
"ko:K00274","ko05034"
"ko:K03637","ko04122"
"ko:K07810","ko02020"
"ko:K15658",""
"ko:K09946",""
"ko:K03079","ko01120"
"ko:K17763",""
"ko:K01715","ko01200"
"ko:K07093",""
"ko:K00786",""
"ko:K18981","ko01100"
"ko:K09980",""
"ko:K07056",""
"ko:K13777","ko01120"
"ko:K03668",""
"ko:K01224",""
"ko:K00316","ko01100"
"ko:K07806","ko02020"
"ko:K15581","ko02024"
"ko:K13598","ko02020"
"ko:K21007","ko02025"
"ko:K15512","ko01120"
"ko:K13730","ko05100"
"ko:K00023","ko01200"
"ko:K01450",""
"ko:K19222","ko01240"
"ko:K22132",""
"ko:K10552","ko02010"
"ko:K00865","ko01120"
"ko:K03234","ko04921"
"ko:K07979",""
"ko:K12995",""
"ko:K07678","ko05111"
"ko:K03327",""
"ko:K07232","ko01100"
"ko:K04094",""
"ko:K08261","ko01100"
"ko:K15642","ko01052"
"ko:K07237","ko04122"
"ko:K09502","ko04141"
"ko:K07337",""
"ko:K17495",""
"ko:K03098",""
"ko:K07317",""
"ko:K21195","ko01100"
"ko:K09004",""
"ko:K08316",""
"ko:K21948",""
"ko:K14977","ko01120"
"ko:K01574","ko01100"
"ko:K00887","ko00550"
"ko:K01483","ko01100"
"ko:K11930",""
"ko:K10554","ko02010"
"ko:K15034",""
"ko:K01253","ko05208"
"ko:K00373","ko02020"
"ko:K17317","ko02010"
"ko:K18100","ko02025"
"ko:K15168",""
"ko:K07018",""
"ko:K14447","ko01200"
"ko:K01820","ko01120"
"ko:K07213","ko04978"
"ko:K16125","ko01054"
"ko:K06249","ko05165"
"ko:K02203","ko01230"
"ko:K13779","ko01120"
"ko:K19856","ko01250"
"ko:K05578","ko01100"
"ko:K02364","ko01110"
"ko:K04761","ko02026"
"ko:K02472","ko05111"
"ko:K01960","ko01230"
"ko:K18579",""
"ko:K04034","ko01110"
"ko:K01089","ko01230"
"ko:K12239","ko01053"
"ko:K07042",""
"ko:K06923",""
"ko:K00226","ko01240"
"ko:K14260","ko01230"
"ko:K07089",""
"ko:K00798","ko04980"
"ko:K01805","ko01100"
"ko:K02077",""
"ko:K01796","ko04146"
"ko:K02033","ko02024"
"ko:K09709","ko01200"
"ko:K01694","ko01230"
"ko:K01129","ko01232"
"ko:K02493",""
"ko:K02450",""
"ko:K02226","ko01240"
"ko:K02231","ko01240"
"ko:K02015",""
"ko:K21792","ko01110"
"ko:K05516",""
"ko:K07315",""
"ko:K16898",""
"ko:K00111","ko01110"
"ko:K02066","ko02010"
"ko:K13607","ko01110"
"ko:K07082",""
"ko:K09597",""
"ko:K11903","ko03070"
"ko:K08218","ko01501"
"ko:K05970",""
"ko:K03738","ko01200"
"ko:K04101","ko01120"
"ko:K01596","ko04964"
"ko:K00849","ko01250"
"ko:K15783","ko01120"
"ko:K10747","ko03430"
"ko:K11604","ko02010"
"ko:K07751","ko01100"
"ko:K02517","ko01100"
"ko:K13614",""
"ko:K09826",""
"ko:K07115",""
"ko:K04600",""
"ko:K07192","ko04910"
"ko:K02419","ko02040"
"ko:K09780",""
"ko:K11180","ko01120"
"ko:K00042","ko01100"
"ko:K13766","ko01100"
"ko:K05296","ko01120"
"ko:K00153",""
"ko:K14731","ko01220"
"ko:K12510","ko02020"
"ko:K02036","ko02010"
"ko:K02793","ko02060"
"ko:K05356","ko01110"
"ko:K12980",""
"ko:K18587",""
"ko:K03764",""
"ko:K09800",""
"ko:K01433","ko01100"
"ko:K09125",""
"ko:K02554","ko01220"
"ko:K09906",""
"ko:K15576","ko02010"
"ko:K09704",""
"ko:K07714","ko02020"
"ko:K08151",""
"ko:K12544",""
"ko:K18983","ko01100"
"ko:K07091","ko02010"
"ko:K00455","ko01220"
"ko:K00537",""
"ko:K03413","ko02030"
"ko:K18588",""
"ko:K01918","ko01240"
"ko:K21696",""
"ko:K20023","ko01100"
"ko:K01174",""
"ko:K21471",""
"ko:K02048","ko02010"
"ko:K10441","ko02010"
"ko:K07283",""
"ko:K05501",""
"ko:K01577","ko01100"
"ko:K15643","ko01052"
"ko:K15654","ko02024"
"ko:K09019","ko01100"
"ko:K05577","ko01100"
"ko:K18595",""
"ko:K16455",""
"ko:K21594",""
"ko:K07002",""
"ko:K11159",""
"ko:K02479",""
"ko:K12371","ko02010"
"ko:K02167",""
"ko:K03809","ko01240"
"ko:K08318","ko01200"
"ko:K15782",""
"ko:K02455","ko05111"
"ko:K10117","ko02010"
"ko:K18336","ko01120"
"ko:K03437",""
"ko:K05788",""
"ko:K06861","ko02010"
"ko:K13922","ko01100"
"ko:K02666",""
"ko:K16914",""
"ko:K13050","ko04979"
"ko:K05795",""
"ko:K02021",""
"ko:K19233",""
"ko:K07098",""
"ko:K08372","ko02020"
"ko:K05838",""
"ko:K00683",""
"ko:K01317",""
"ko:K11811",""
"ko:K08097","ko01240"
"ko:K05523","ko01120"
"ko:K05785",""
"ko:K02188","ko01240"
"ko:K07140",""
"ko:K03648","ko05340"
"ko:K09769","ko01100"
"ko:K17733",""
"ko:K05036","ko05034"
"ko:K07271","ko00552"
"ko:K03281",""
"ko:K08082","ko02020"
"ko:K11907","ko03070"
"ko:K01534",""
"ko:K06989","ko01240"
"ko:K07000",""
"ko:K08606","ko04974"
"ko:K02499",""
"ko:K03582","ko03440"
"ko:K01771","ko01100"
"ko:K10592","ko04137"
"ko:K16171","ko01120"
"ko:K08651",""
"ko:K05658","ko05226"
"ko:K07245",""
"ko:K07662","ko02020"
"ko:K01347",""
"ko:K00507","ko04936"
"ko:K01724","ko01100"
"ko:K00349",""
"ko:K01452","ko01100"
"ko:K02477",""
"ko:K01817","ko01230"
"ko:K00763","ko01240"
"ko:K10025","ko02010"
"ko:K13483","ko01232"
"ko:K01691","ko04310"
"ko:K03733",""
"ko:K08311","ko03018"
"ko:K10297",""
"ko:K11181","ko01120"
"ko:K01053","ko01240"
"ko:K06190",""
"ko:K08968","ko01100"
"ko:K01455","ko01200"
"ko:K11752","ko02024"
"ko:K13010","ko01250"
"ko:K11719",""
"ko:K07011",""
"ko:K03385","ko01310"
"ko:K15513","ko00362"
"ko:K03380","ko01120"
"ko:K07502",""
"ko:K11901","ko02025"
"ko:K01138",""
"ko:K05986",""
"ko:K15320","ko01110"
"ko:K00529","ko01220"
"ko:K05836",""
"ko:K17737",""
"ko:K01051","ko02020"
"ko:K02902","ko03010"
"ko:K05816","ko02010"
"ko:K21029","ko04122"
"ko:K01631","ko01100"
"ko:K00007","ko01100"
"ko:K02136","ko05415"
"ko:K06196",""
"ko:K05595",""
"ko:K03829",""
"ko:K02961","ko03010"
"ko:K00465",""
"ko:K01266",""
"ko:K20866","ko01120"
"ko:K14261",""
"ko:K00684",""
"ko:K19204","ko01052"
"ko:K03426","ko04146"
"ko:K13993","ko04141"
"ko:K19265",""
"ko:K01525","ko01100"
"ko:K03752","ko01100"
"ko:K07250","ko01120"
"ko:K01537",""
"ko:K02464","ko03070"
"ko:K06598","ko02025"
"ko:K14572","ko03008"
"ko:K00355","ko05418"
"ko:K11731","ko01120"
"ko:K12432",""
"ko:K07566",""
"ko:K21310","ko01100"
"ko:K03296",""
"ko:K12136",""
"ko:K15785","ko01120"
"ko:K08805",""
"ko:K00472","ko01100"
"ko:K00791","ko01110"
"ko:K12308","ko00052"
"ko:K03670",""
"ko:K08266","ko04714"
"ko:K13796",""
"ko:K19102","ko01110"
"ko:K03394","ko01240"
"ko:K03367","ko05150"
"ko:K01239","ko01232"
"ko:K14571","ko03008"
"ko:K08352","ko01120"
"ko:K02956","ko03010"
"ko:K10679","ko01120"
"ko:K06199",""
"ko:K02619","ko01240"
"ko:K03502",""
"ko:K02612","ko01120"
"ko:K18337","ko01120"
"ko:K22136",""
"ko:K13503","ko01230"
"ko:K01117","ko01100"
"ko:K14660",""
"ko:K18687","ko01120"
"ko:K17458",""
"ko:K01311",""
"ko:K09781",""
"ko:K12132",""
"ko:K06602",""
"ko:K11494",""
"ko:K01136","ko04142"
"ko:K07716","ko04112"
"ko:K09761",""
"ko:K22278",""
"ko:K15660",""
"ko:K17300",""
"ko:K02339","ko03440"
"ko:K18707",""
"ko:K11065",""
"ko:K15268",""
"ko:K00980","ko00564"
"ko:K06182",""
"ko:K00772","ko01100"
"ko:K13051","ko01110"
"ko:K22468","ko03018"
"ko:K04768",""
"ko:K01434","ko01110"
"ko:K00137","ko01120"
"ko:K03790",""
"ko:K05783","ko01220"
"ko:K09913","ko01232"
"ko:K17227","ko01120"
"ko:K09775",""
"ko:K10807","ko01232"
"ko:K14445",""
"ko:K06183",""
"ko:K01482",""
"ko:K06236","ko05415"
"ko:K08269","ko05022"
"ko:K01049","ko04725"
"ko:K03840",""
"ko:K06167","ko01100"
"ko:K01299",""
"ko:K07114",""
"ko:K18691",""
"ko:K14761",""
"ko:K05895","ko01240"
"ko:K07336",""
"ko:K22148",""
"ko:K06921",""
"ko:K04063",""
"ko:K00545","ko04728"
"ko:K00542","ko01100"
"ko:K09961",""
"ko:K17531","ko04820"
"ko:K02441",""
"ko:K07149",""
"ko:K10942","ko05111"
"ko:K01458","ko01100"
"ko:K00856","ko01232"
"ko:K00103","ko01240"
"ko:K07101",""
"ko:K13641",""
"ko:K17758",""
"ko:K01800","ko01120"
"ko:K06545",""
"ko:K05561",""
"ko:K21411",""
"ko:K09916",""
"ko:K12661","ko01120"
"ko:K05389",""
"ko:K05312",""
"ko:K07483",""
"ko:K16494",""
"ko:K17680","ko05017"
"ko:K04759",""
"ko:K00241","ko01200"
"ko:K01812","ko01100"
"ko:K02851","ko01100"
"ko:K02805","ko01250"
"ko:K01104",""
"ko:K05844",""
"ko:K14726",""
"ko:K00700","ko01110"
"ko:K11016","ko03070"
"ko:K22152",""
"ko:K01147",""
"ko:K04085","ko04122"
"ko:K15735",""
"ko:K01201","ko04142"
"ko:K06948",""
"ko:K00504",""
"ko:K16507","ko04392"
"ko:K01505","ko01100"
"ko:K00260","ko01120"
"ko:K01223","ko00500"
"ko:K16165","ko01120"
"ko:K09810","ko02010"
"ko:K16089",""
"ko:K02225","ko01240"
"ko:K15125","ko05133"
"ko:K21416",""
"ko:K18028","ko01120"
"ko:K12442",""
"ko:K11924",""
"ko:K07281","ko01100"
"ko:K14470","ko01200"
"ko:K05810","ko01232"
"ko:K09967",""
"ko:K04515","ko05417"
"ko:K16396","ko01052"
"ko:K02717","ko01100"
"ko:K03415","ko02030"
"ko:K07394",""
"ko:K22453",""
"ko:K15675",""
"ko:K07223",""
"ko:K06975",""
"ko:K17223","ko01120"
"ko:K03580",""
"ko:K09950",""
"ko:K15667","ko01054"
"ko:K21472",""
"ko:K08976",""
"ko:K07486",""
"ko:K20862","ko01240"
"ko:K21159","ko01059"
"ko:K13778","ko01120"
"ko:K00491","ko01110"
"ko:K00991","ko01110"
"ko:K08993",""
"ko:K09786",""
"ko:K04791","ko01053"
"ko:K02916","ko03010"
"ko:K01451",""
"ko:K02652",""
"ko:K03388","ko01200"
"ko:K16088",""
"ko:K05567",""
"ko:K15671","ko01052"
"ko:K15270",""
"ko:K07045",""
"ko:K02461","ko05111"
"ko:K11902","ko02025"
"ko:K08642","ko02024"
"ko:K21624","ko00330"
"ko:K03741",""
"ko:K20715",""
"ko:K00854","ko01100"
"ko:K07302",""
"ko:K03455",""
"ko:K06077",""
"ko:K16911",""
"ko:K03411","ko02030"
"ko:K14371","ko01110"
"ko:K06726","ko02010"
"ko:K13937","ko01200"
"ko:K13416","ko04626"
"ko:K07078",""
"ko:K07088",""
"ko:K08679","ko01250"
"ko:K07157",""
"ko:K04097","ko05204"
"ko:K19270","ko01100"
"ko:K06653","ko04111"
"ko:K02227","ko01240"
"ko:K04073","ko01220"
"ko:K06718","ko01120"
"ko:K04061",""
"ko:K06694",""
"ko:K07755","ko05208"
"ko:K12430",""
"ko:K05996",""
"ko:K01575","ko01210"
"ko:K02494",""
"ko:K07647","ko02020"
"ko:K01164","ko03008"
"ko:K07689","ko05111"
"ko:K16012","ko02010"
"ko:K05190","ko05033"
"ko:K01119","ko01100"
"ko:K00449","ko01220"
"ko:K00106","ko04146"
"ko:K01241","ko01232"
"ko:K08956","ko05017"
"ko:K15395",""
"ko:K11744",""
"ko:K03477",""
"ko:K02476",""
"ko:K03676",""
"ko:K01283","ko05415"
"ko:K07427",""
"ko:K17716","ko01250"
"ko:K19268","ko01200"
"ko:K08306",""
"ko:K21703",""
"ko:K17069","ko01230"
"ko:K02473","ko01250"
"ko:K22131",""
"ko:K20069",""
"ko:K06175",""
"ko:K01219",""
"ko:K05772","ko02010"
"ko:K20103",""
"ko:K08094","ko01230"
"ko:K09584","ko04141"
"ko:K02414","ko02040"
"ko:K22067",""
"ko:K18303",""
"ko:K01838","ko00500"
"ko:K13171","ko03015"
"ko:K08973","ko01240"
"ko:K09920",""
"ko:K01048","ko00564"
"ko:K19047",""
"ko:K09901",""
"ko:K06013","ko01110"
"ko:K00148","ko01200"
"ko:K00127","ko01200"
"ko:K01083","ko01100"
"ko:K19246","ko01100"
"ko:K01834","ko05230"
"ko:K09689","ko02010"
"ko:K18166",""
"ko:K01235",""
"ko:K00008","ko01100"
"ko:K21006","ko02025"
"ko:K01247","ko03410"
"ko:K03760","ko01503"
"ko:K03645",""
"ko:K13019","ko01250"
"ko:K09001","ko01250"
"ko:K03479","ko01100"
"ko:K06985","ko04112"
"ko:K02970","ko03010"
"ko:K06221",""
"ko:K01829",""
"ko:K09793",""
"ko:K20333","ko02024"
"ko:K15984",""
"ko:K08485","ko02060"
"ko:K07661","ko02020"
"ko:K00038","ko01100"
"ko:K03274","ko01250"
"ko:K06988",""
"ko:K00225","ko01240"
"ko:K02297","ko01100"
"ko:K00975","ko02026"
"ko:K07127","ko01120"
"ko:K08312","ko01100"
"ko:K01766",""
"ko:K08083","ko02020"
"ko:K15394",""
"ko:K09625",""
"ko:K07275",""
"ko:K13693",""
"ko:K02658","ko02025"
"ko:K07262",""
"ko:K07640","ko02020"
"ko:K01240","ko01232"
"ko:K08049","ko05414"
"ko:K07823","ko01120"
"ko:K11179","ko04122"
"ko:K08995",""
"ko:K02217",""
"ko:K20483","ko02024"
"ko:K07501",""
"ko:K05562",""
"ko:K07153",""
"ko:K17624",""
"ko:K21218","ko02040"
"ko:K18966","ko01110"
"ko:K00022","ko01212"
"ko:K02084","ko05417"
"ko:K05541",""
"ko:K08691","ko01200"
"ko:K03799",""
"ko:K11293",""
"ko:K15461",""
"ko:K16872",""
"ko:K09461","ko01120"
"ko:K07117",""
"ko:K03976",""
"ko:K00332","ko01100"
"ko:K15460",""
"ko:K10561","ko02010"
"ko:K14520","ko01120"
"ko:K07230",""
"ko:K22230","ko01120"
"ko:K06998","ko02024"
"ko:K06820","ko04360"
"ko:K03612",""
"ko:K11709","ko02010"
"ko:K01463",""
"ko:K07675","ko02020"
"ko:K01389","ko05010"
"ko:K00836","ko01230"
"ko:K09123","ko00330"
"ko:K15314","ko01110"
"ko:K11783","ko01240"
"ko:K18889","ko02010"
"ko:K06872",""
"ko:K02919","ko03010"
"ko:K05784","ko01220"
"ko:K11710","ko02010"
"ko:K10614","ko04120"
"ko:K08076",""
"ko:K15670","ko01052"
"ko:K01744","ko01100"
"ko:K00589","ko01240"
"ko:K04749",""
"ko:K04506","ko04310"
"ko:K02116",""
"ko:K03666","ko05111"
"ko:K03794","ko01240"
"ko:K16726",""
"ko:K13276",""
"ko:K11265","ko04935"
"ko:K19103","ko01110"
"ko:K03309",""
"ko:K16132","ko01054"
"ko:K13020","ko01250"
"ko:K08988",""
"ko:K19511",""
"ko:K03040","ko03020"
"ko:K17213","ko02010"
"ko:K18382","ko01100"
"ko:K15645",""
"ko:K13797","ko03020"
"ko:K06596","ko02025"
"ko:K22432",""
"ko:K19064","ko01110"
"ko:K19700","ko01120"
"ko:K14067","ko01200"
"ko:K09972","ko02010"
"ko:K11532","ko01200"
"ko:K22345","ko01100"
"ko:K12585","ko03018"
"ko:K12257","ko03070"
"ko:K16300",""
"ko:K16011","ko02025"
"ko:K02637","ko01100"
"ko:K12255","ko01100"
"ko:K19719","ko05165"
"ko:K13540","ko01240"
"ko:K15784","ko01120"
"ko:K15996","ko01110"
"ko:K05777",""
"ko:K00050",""
"ko:K00832","ko01230"
"ko:K11081","ko02010"
"ko:K00220","ko01230"
"ko:K00840","ko01100"
"ko:K02303","ko01240"
"ko:K18431","ko01250"
"ko:K15503",""
"ko:K11957","ko02010"
"ko:K00839","ko01100"
"ko:K22350",""
"ko:K12536","ko02010"
"ko:K16191",""
"ko:K12265",""
"ko:K08466",""
"ko:K10538","ko02010"
"ko:K22303",""
"ko:K13990","ko01100"
"ko:K11928",""
"ko:K14162",""
"ko:K13713","ko01110"
"ko:K01950","ko01240"
"ko:K22015","ko01200"
"ko:K02298","ko01100"
"ko:K04098","ko01120"
"ko:K15396",""
"ko:K15054","ko01120"
"ko:K11956","ko02010"
"ko:K12943",""
"ko:K12542",""
"ko:K00652","ko01240"
"ko:K12508",""
"ko:K19714",""
"ko:K04772",""
"ko:K22478","ko01230"
"ko:K13788","ko01200"
"ko:K10831","ko02010"
"ko:K00045","ko01100"
"ko:K10014","ko02010"
"ko:K03943","ko05415"
"ko:K20170","ko01120"
"ko:K12443",""
"ko:K18800","ko01240"
"ko:K16785","ko02010"
"ko:K07451",""
"ko:K05119","ko05235"
"ko:K00876","ko01232"
"ko:K04257","ko04740"
"ko:K15711",""
"ko:K15706",""
"ko:K07660","ko02020"
"ko:K16496",""
"ko:K10001","ko02020"
"ko:K20712","ko01120"
"ko:K08314",""
"ko:K12535",""
"ko:K03815",""
"ko:K10907",""
"ko:K02552","ko01240"
"ko:K01274",""
"ko:K20049",""
"ko:K01032","ko01120"
"ko:K13893","ko02010"
"ko:K16601",""
"ko:K02424","ko02040"
"ko:K22086","ko01120"
"ko:K03342","ko01240"
"ko:K09640",""
"ko:K09065","ko01230"
"ko:K01732",""
"ko:K08051",""
"ko:K10021","ko02010"
"ko:K13543","ko01240"
"ko:K09457","ko01100"
"ko:K11606","ko02010"
"ko:K07699","ko02024"
"ko:K14159","ko03440"
"ko:K07316",""
"ko:K00932","ko01100"
"ko:K00934","ko00330"
"ko:K22445","ko01110"
"ko:K15372","ko01100"
"ko:K16850","ko01100"
"ko:K16877","ko01120"
"ko:K17202","ko02010"
"ko:K05790",""
"ko:K05825","ko01210"
"ko:K01214","ko01110"
"ko:K11528","ko01100"
"ko:K01466","ko01120"
"ko:K17215","ko02010"
"ko:K11446",""
"ko:K18225","ko01100"
"ko:K08234",""
"ko:K02500","ko01230"
"ko:K11003","ko05133"
"ko:K15553","ko02010"
"ko:K02682",""
"ko:K13498","ko01230"
"ko:K13238","ko00071"
"ko:K16878","ko01120"
"ko:K13015","ko01100"
"ko:K13574","ko01110"
"ko:K15898","ko01250"
"ko:K04340","ko01110"
"ko:K16692","ko02020"
"ko:K10210","ko01110"
"ko:K12660","ko01120"
"ko:K17206","ko02010"
"ko:K09655","ko01100"
"ko:K13421","ko01240"
"ko:K13497","ko01230"
"ko:K08279",""
"ko:K18574",""
"ko:K08115",""
"ko:K16328","ko01100"
"ko:K00634","ko01100"
"ko:K18491","ko04550"
"ko:K22343",""
"ko:K17950","ko01100"
"ko:K03472","ko01240"
"ko:K15771","ko02010"
"ko:K16417","ko01052"
"ko:K20801","ko01100"
"ko:K15918","ko01200"
"ko:K22306",""
"ko:K22292","ko01250"
"ko:K14519","ko01220"
"ko:K12503","ko01110"
"ko:K14727","ko01220"
"ko:K20628",""
"ko:K16429","ko01055"
"ko:K09470","ko01100"
"ko:K15311",""
"ko:K03332","ko00051"
"ko:K07623",""
"ko:K00892","ko01232"
"ko:K16210",""
"ko:K09698","ko01240"
"ko:K12253","ko01100"
"ko:K14451","ko01200"
"ko:K10769",""
"ko:K00245","ko02020"
"ko:K13067","ko01110"
"ko:K00129","ko01120"
"ko:K08678","ko01250"
"ko:K18649","ko04070"
"ko:K01233","ko01100"
"ko:K19285","ko01100"
"ko:K13541","ko01240"
"ko:K05637","ko05416"
"ko:K05099","ko05230"
"ko:K21620","ko01100"
"ko:K09503","ko04141"
"ko:K05499",""
"ko:K16345",""
"ko:K14011","ko04141"
"ko:K17052","ko00450"
"ko:K20238",""
"ko:K21325","ko01110"
"ko:K02969","ko05171"
"ko:K03614",""
"ko:K19245",""
"ko:K19465",""
"ko:K10855",""
"ko:K20882",""
"ko:K19713",""
"ko:K06205",""
"ko:K18195",""
"ko:K08630",""
"ko:K21977","ko01240"
"ko:K15679",""
"ko:K04601",""
"ko:K22087","ko01120"
"ko:K11892","ko03070"
"ko:K15674",""
"ko:K22216",""
"ko:K01848","ko01200"
"ko:K11264","ko01100"
"ko:K05602","ko01230"
"ko:K15655","ko02024"
"ko:K18598",""
"ko:K08692","ko01200"
"ko:K07684","ko02020"
"ko:K13584","ko04112"
"ko:K01197","ko04142"
"ko:K22044",""
"ko:K19569","ko01110"
"ko:K15515","ko00430"
"ko:K12152","ko00740"
"ko:K05657","ko02010"
"ko:K14210","ko04974"
"ko:K07664","ko02020"
"ko:K14166",""
"ko:K04720","ko01100"
"ko:K17743","ko01100"
"ko:K20547","ko04016"
"ko:K08337","ko04613"
"ko:K15923","ko00511"
"ko:K22024",""
"ko:K20422","ko01110"
"ko:K17214","ko02010"
"ko:K19292",""
"ko:K14274","ko01100"
"ko:K14338","ko01120"
"ko:K14267","ko01230"
"ko:K19207","ko01052"
"ko:K02654",""
"ko:K08068","ko01250"
"ko:K15868","ko00121"
"ko:K17530",""
"ko:K09996","ko02010"
"ko:K05341","ko01100"
"ko:K00043","ko01200"
"ko:K17061","ko02020"
"ko:K11707","ko02010"
"ko:K17459",""
"ko:K02029",""
"ko:K01346","ko04974"
"ko:K13941","ko01240"
"ko:K05559",""
"ko:K10119","ko02010"
"ko:K00151","ko01220"
"ko:K13935",""
"ko:K06238","ko05165"
"ko:K17539",""
"ko:K01809","ko01250"
"ko:K12961",""
"ko:K01801","ko01120"
"ko:K13912","ko04970"
"ko:K07214",""
"ko:K13302","ko04960"
"ko:K21909",""
"ko:K05350","ko01110"
"ko:K22215","ko01100"
"ko:K11004","ko05133"
"ko:K03941","ko05415"
"ko:K12506","ko01110"
"ko:K01708","ko01100"
"ko:K17387","ko05206"
"ko:K16397","ko01052"
"ko:K17205","ko02010"
"ko:K22144",""
"ko:K11077","ko02010"
"ko:K12448","ko01250"
"ko:K19969","ko01110"
"ko:K13402","ko01240"
"ko:K00244","ko02020"
"ko:K15673","ko01052"
"ko:K05358","ko01110"
"ko:K11745",""
"ko:K18696","ko00564"
"ko:K15023","ko01200"
"ko:K01904","ko01110"
"ko:K19610","ko02020"
"ko:K00157","ko04630"
"ko:K20454","ko01120"
"ko:K13542","ko01240"
"ko:K18365","ko01220"
"ko:K15001",""
"ko:K03397",""
"ko:K21711",""
"ko:K00100","ko01120"
"ko:K17623",""
"ko:K11685",""
"ko:K12743","ko01110"
"ko:K19353","ko00540"
"ko:K16420","ko01052"
"ko:K11189",""
"ko:K10817","ko01110"
"ko:K18163","ko04714"
"ko:K10854",""
"ko:K09942",""
"ko:K02299","ko01100"
"ko:K12251","ko01110"
"ko:K07514","ko04146"
"ko:K13888",""
"ko:K20263","ko02024"
"ko:K18565","ko01110"
"ko:K15758","ko01220"
"ko:K19973","ko02010"
"ko:K10615","ko04120"
"ko:K18332",""
"ko:K03810",""
"ko:K12433",""
"ko:K06580",""
"ko:K17751","ko05416"
"ko:K22073",""
"ko:K13480","ko01232"
"ko:K10823","ko02024"
"ko:K01031","ko01120"
"ko:K00090","ko01120"
"ko:K16299",""
"ko:K12288",""
"ko:K09565","ko05415"
"ko:K19226","ko02010"
"ko:K10022","ko02010"
"ko:K16786","ko02010"
"ko:K14156","ko05231"
"ko:K07666","ko02024"
"ko:K16498",""
"ko:K12440",""
"ko:K16610",""
"ko:K13950","ko01240"
"ko:K13252",""
"ko:K11708","ko02010"
"ko:K12548",""
"ko:K18293","ko01220"
"ko:K08070",""
"ko:K13892","ko02010"
"ko:K21585",""
"ko:K21279","ko01250"
"ko:K12375",""
"ko:K20788","ko01052"
"ko:K13896","ko02010"
"ko:K00146","ko01120"
"ko:K13272","ko01110"
"ko:K07249","ko01100"
"ko:K05118",""
"ko:K15337",""
"ko:K09505",""
"ko:K16346",""
"ko:K15627","ko05202"
"ko:K08632",""
"ko:K16120",""
"ko:K20184","ko05132"
"ko:K19762","ko04212"
"ko:K20478",""
"ko:K18197",""
"ko:K01841","ko01120"
"ko:K14960",""
"ko:K22349",""
"ko:K04602",""
"ko:K09632","ko04974"
"ko:K17819","ko01110"
"ko:K15327",""
"ko:K19720","ko05415"
"ko:K16147","ko01100"
"ko:K13303","ko04151"
"ko:K21342",""
"ko:K13403","ko01240"
"ko:K17363","ko00340"
"ko:K11747",""
"ko:K17953",""
"ko:K07057",""
"ko:K07534","ko01220"
"ko:K16119",""
"ko:K13354","ko04146"
"ko:K20978","ko02025"
"ko:K11161","ko01240"
"ko:K08693","ko01232"
"ko:K01034","ko02020"
"ko:K01215",""
"ko:K16787","ko02010"
"ko:K05579","ko01100"
"ko:K12441",""
"ko:K16770",""
"ko:K18883",""
"ko:K12355","ko01110"
"ko:K03778","ko01120"
"ko:K03103","ko01100"
"ko:K19633","ko01100"
"ko:K14704","ko05208"
"ko:K20751",""
"ko:K19696","ko01100"
"ko:K16394","ko01052"
"ko:K17954",""
"ko:K15672","ko01052"
"ko:K11904","ko03070"
"ko:K20951","ko05111"
"ko:K15583","ko02024"
"ko:K01226","ko01100"
"ko:K19013","ko04148"
"ko:K21311","ko01110"
"ko:K13811","ko01120"
"ko:K17959",""
"ko:K20952","ko05111"
